{
    "loss": 0.1342209130525589,
    "accuracy": 0.970588207244873
}